FrameIndex,Timestamp,FrameTime_ms,FPS,RenderMode
0,0.000560,4.000000,341.317627,Standard
1,0.003288,2.000000,341.317627,Standard
2,0.005943,3.000000,341.317627,Standard
3,0.008884,3.000000,341.317627,Standard
4,0.011626,3.000000,341.317627,Standard
5,0.014498,3.000000,341.317627,Standard
6,0.017186,2.000000,341.317627,Standard
7,0.020094,3.000000,341.317627,Standard
8,0.022941,3.000000,341.317627,Standard
9,0.025591,3.000000,341.317627,Standard
10,0.029652,4.000000,341.317627,Standard
11,0.032593,3.000000,341.317627,Standard
12,0.035640,3.000000,341.317627,Standard
13,0.038563,3.000000,341.317627,Standard
14,0.041318,2.000000,341.317627,Standard
15,0.044678,4.000000,341.317627,Standard
16,0.047583,3.000000,341.317627,Standard
17,0.050507,3.000000,341.317627,Standard
18,0.053242,2.000000,341.317627,Standard
19,0.056130,3.000000,341.317627,Standard
20,0.059237,3.000000,341.317627,Standard
21,0.062177,3.000000,341.317627,Standard
22,0.064983,3.000000,341.317627,Standard
23,0.068181,3.000000,341.317627,Standard
24,0.071472,3.000000,341.317627,Standard
25,0.074705,3.000000,341.317627,Standard
26,0.077994,4.000000,341.317627,Standard
27,0.081359,3.000000,341.317627,Standard
28,0.084628,3.000000,341.317627,Standard
29,0.087794,3.000000,341.317627,Standard
30,0.091320,4.000000,341.317627,Standard
31,0.094774,3.000000,341.317627,Standard
32,0.098638,4.000000,341.317627,Standard
33,0.101696,3.000000,341.317627,Standard
34,0.105033,4.000000,341.317627,Standard
35,0.108238,3.000000,341.317627,Standard
36,0.111532,3.000000,341.317627,Standard
37,0.114749,3.000000,341.317627,Standard
38,0.117847,4.000000,341.317627,Standard
39,0.121379,3.000000,341.317627,Standard
40,0.124712,3.000000,341.317627,Standard
41,0.127906,4.000000,341.317627,Standard
42,0.131158,3.000000,341.317627,Standard
43,0.134347,3.000000,341.317627,Standard
44,0.138071,4.000000,341.317627,Standard
45,0.142031,4.000000,341.317627,Standard
46,0.145266,3.000000,341.317627,Standard
47,0.149046,4.000000,341.317627,Standard
48,0.152628,3.000000,341.317627,Standard
49,0.155897,4.000000,328.031921,Standard
50,0.159120,3.000000,328.031921,Standard
51,0.162351,3.000000,328.031921,Standard
52,0.165450,3.000000,328.031921,Standard
53,0.169458,4.000000,328.031921,Standard
54,0.172642,3.000000,328.031921,Standard
55,0.175934,4.000000,328.031921,Standard
56,0.179058,3.000000,328.031921,Standard
57,0.182265,3.000000,328.031921,Standard
58,0.185371,3.000000,328.031921,Standard
59,0.188598,3.000000,328.031921,Standard
60,0.191751,3.000000,328.031921,Standard
61,0.195019,4.000000,328.031921,Standard
62,0.198540,3.000000,328.031921,Standard
63,0.202130,4.000000,328.031921,Standard
64,0.205275,3.000000,328.031921,Standard
65,0.208628,3.000000,328.031921,Standard
66,0.211748,3.000000,328.031921,Standard
67,0.215049,4.000000,328.031921,Standard
68,0.218435,3.000000,328.031921,Standard
69,0.221483,3.000000,328.031921,Standard
70,0.224764,3.000000,328.031921,Standard
71,0.228066,4.000000,328.031921,Standard
72,0.231307,3.000000,328.031921,Standard
73,0.234395,3.000000,328.031921,Standard
74,0.237506,3.000000,328.031921,Standard
75,0.240568,3.000000,328.031921,Standard
76,0.244150,4.000000,328.031921,Standard
77,0.247327,3.000000,328.031921,Standard
78,0.250613,3.000000,328.031921,Standard
79,0.253844,4.000000,328.031921,Standard
80,0.256538,3.000000,328.031921,Standard
81,0.261600,3.000000,328.031921,Standard
82,0.266448,6.000000,328.031921,Standard
83,0.269494,3.000000,328.031921,Standard
84,0.272511,4.000000,328.031921,Standard
85,0.275733,3.000000,328.031921,Standard
86,0.278897,3.000000,328.031921,Standard
87,0.281862,3.000000,328.031921,Standard
88,0.284586,3.000000,328.031921,Standard
89,0.287250,2.000000,328.031921,Standard
90,0.290052,3.000000,328.031921,Standard
91,0.292927,3.000000,328.031921,Standard
92,0.296447,3.000000,328.031921,Standard
93,0.299384,3.000000,328.031921,Standard
94,0.302218,3.000000,328.031921,Standard
95,0.304985,3.000000,328.031921,Standard
96,0.307904,3.000000,328.031921,Standard
97,0.310604,3.000000,328.031921,Standard
98,0.313464,2.000000,328.031921,Standard
99,0.316109,3.000000,328.031921,Standard
100,0.318918,3.000000,328.031921,Standard
101,0.321610,3.000000,328.031921,Standard
102,0.324432,2.000000,328.031921,Standard
103,0.327480,3.000000,328.031921,Standard
104,0.330174,3.000000,328.031921,Standard
105,0.332864,3.000000,328.031921,Standard
106,0.335647,3.000000,328.031921,Standard
107,0.338439,2.000000,328.031921,Standard
108,0.341253,3.000000,328.031921,Standard
109,0.343979,3.000000,328.031921,Standard
110,0.346790,3.000000,328.031921,Standard
111,0.349567,3.000000,328.031921,Standard
112,0.352206,2.000000,328.031921,Standard
113,0.354983,3.000000,328.031921,Standard
114,0.357639,3.000000,328.031921,Standard
115,0.360355,2.000000,328.031921,Standard
116,0.363123,3.000000,328.031921,Standard
117,0.365679,3.000000,328.031921,Standard
118,0.368502,2.000000,328.031921,Standard
119,0.371622,4.000000,328.031921,Standard
120,0.374421,2.000000,328.031921,Standard
121,0.377084,3.000000,328.031921,Standard
122,0.379776,3.000000,328.031921,Standard
123,0.382545,3.000000,328.031921,Standard
124,0.385480,2.000000,328.031921,Standard
125,0.388308,3.000000,328.031921,Standard
126,0.391275,3.000000,328.031921,Standard
127,0.394045,3.000000,328.031921,Standard
128,0.396855,3.000000,328.031921,Standard
129,0.399574,2.000000,328.031921,Standard
130,0.402384,3.000000,328.031921,Standard
131,0.405045,3.000000,328.031921,Standard
132,0.407623,3.000000,328.031921,Standard
133,0.410405,2.000000,328.031921,Standard
134,0.413363,3.000000,328.031921,Standard
135,0.416226,3.000000,328.031921,Standard
136,0.419010,3.000000,328.031921,Standard
137,0.421728,3.000000,328.031921,Standard
138,0.424804,3.000000,328.031921,Standard
139,0.427420,2.000000,328.031921,Standard
140,0.430356,3.000000,328.031921,Standard
141,0.433657,4.000000,328.031921,Standard
142,0.436370,2.000000,328.031921,Standard
143,0.439481,3.000000,328.031921,Standard
144,0.442180,3.000000,328.031921,Standard
145,0.445094,3.000000,328.031921,Standard
146,0.447994,3.000000,328.031921,Standard
147,0.450691,3.000000,328.031921,Standard
148,0.453688,3.000000,328.031921,Standard
149,0.456303,2.000000,328.031921,Standard
150,0.459388,3.000000,328.031921,Standard
151,0.462143,3.000000,328.031921,Standard
152,0.465832,4.000000,328.031921,Standard
153,0.468603,3.000000,328.031921,Standard
154,0.471493,2.000000,328.031921,Standard
155,0.474455,3.000000,328.031921,Standard
156,0.477171,3.000000,328.031921,Standard
157,0.482708,6.000000,328.031921,Standard
158,0.487053,4.000000,328.031921,Standard
159,0.490465,3.000000,328.031921,Standard
160,0.493686,4.000000,328.031921,Standard
161,0.497090,3.000000,328.031921,Standard
162,0.500152,3.000000,328.031921,Standard
163,0.503001,3.000000,328.031921,Standard
164,0.505644,3.000000,328.031921,Standard
165,0.508547,3.000000,328.031921,Standard
166,0.511696,3.000000,328.031921,Standard
167,0.515054,3.000000,328.031921,Standard
168,0.518159,3.000000,328.031921,Standard
169,0.521090,3.000000,328.031921,Standard
170,0.523820,3.000000,328.031921,Standard
171,0.526576,3.000000,328.031921,Standard
172,0.529720,3.000000,328.031921,Standard
173,0.532425,2.000000,328.031921,Standard
174,0.535150,3.000000,328.031921,Standard
175,0.537992,3.000000,328.031921,Standard
176,0.540919,3.000000,328.031921,Standard
177,0.543975,3.000000,328.031921,Standard
178,0.546719,3.000000,328.031921,Standard
179,0.549672,3.000000,328.031921,Standard
180,0.552378,2.000000,328.031921,Standard
181,0.555100,3.000000,328.031921,Standard
182,0.558290,3.000000,328.031921,Standard
183,0.561404,3.000000,328.031921,Standard
184,0.564805,4.000000,328.031921,Standard
185,0.567851,3.000000,328.031921,Standard
186,0.570926,3.000000,328.031921,Standard
187,0.574207,3.000000,328.031921,Standard
188,0.577295,3.000000,328.031921,Standard
189,0.580364,3.000000,328.031921,Standard
190,0.583437,3.000000,328.031921,Standard
191,0.586643,4.000000,328.031921,Standard
192,0.589982,3.000000,328.031921,Standard
193,0.593280,3.000000,328.031921,Standard
194,0.596538,3.000000,328.031921,Standard
195,0.599611,4.000000,328.031921,Standard
196,0.602762,3.000000,328.031921,Standard
197,0.605790,3.000000,328.031921,Standard
198,0.608765,3.000000,328.031921,Standard
199,0.612084,3.000000,328.031921,Standard
200,0.615127,3.000000,328.031921,Standard
201,0.618188,3.000000,328.031921,Standard
202,0.621825,4.000000,328.031921,Standard
203,0.624985,3.000000,328.031921,Standard
204,0.628194,3.000000,328.031921,Standard
205,0.631515,3.000000,328.031921,Standard
206,0.634751,4.000000,328.031921,Standard
207,0.637872,3.000000,328.031921,Standard
208,0.641158,3.000000,328.031921,Standard
209,0.644144,3.000000,328.031921,Standard
210,0.647344,3.000000,328.031921,Standard
211,0.650874,4.000000,328.031921,Standard
212,0.655849,5.000000,328.031921,Standard
213,0.659460,3.000000,326.043884,Standard
214,0.662795,4.000000,326.043884,Standard
215,0.665768,3.000000,326.043884,Standard
216,0.670008,4.000000,326.043884,Standard
217,0.673430,3.000000,326.043884,Standard
218,0.676863,4.000000,326.043884,Standard
219,0.680081,3.000000,326.043884,Standard
220,0.683399,3.000000,326.043884,Standard
221,0.686387,3.000000,326.043884,Standard
222,0.689781,3.000000,326.043884,Standard
223,0.692980,4.000000,326.043884,Standard
224,0.696415,3.000000,326.043884,Standard
225,0.699698,3.000000,326.043884,Standard
226,0.703321,4.000000,326.043884,Standard
227,0.706309,3.000000,326.043884,Standard
228,0.709615,3.000000,326.043884,Standard
229,0.712750,3.000000,326.043884,Standard
230,0.716032,4.000000,326.043884,Standard
231,0.719444,3.000000,326.043884,Standard
232,0.722740,3.000000,326.043884,Standard
233,0.725825,4.000000,326.043884,Standard
234,0.729995,3.000000,326.043884,Standard
235,0.733261,4.000000,326.043884,Standard
236,0.736457,3.000000,326.043884,Standard
237,0.739515,3.000000,326.043884,Standard
238,0.742864,3.000000,326.043884,Standard
239,0.746437,4.000000,326.043884,Standard
240,0.749957,4.000000,326.043884,Standard
241,0.752980,3.000000,326.043884,Standard
242,0.756094,3.000000,326.043884,Standard
243,0.759393,3.000000,326.043884,Standard
244,0.762484,3.000000,326.043884,Standard
245,0.766234,4.000000,326.043884,Standard
246,0.769321,3.000000,326.043884,Standard
247,0.772535,3.000000,326.043884,Standard
248,0.775849,3.000000,326.043884,Standard
249,0.779570,4.000000,326.043884,Standard
250,0.783550,4.000000,326.043884,Standard
251,0.786762,3.000000,326.043884,Standard
252,0.789906,4.000000,326.043884,Standard
253,0.793908,3.000000,326.043884,Standard
254,0.797255,4.000000,326.043884,Standard
255,0.800643,3.000000,326.043884,Standard
256,0.803417,3.000000,326.043884,Standard
257,0.806653,3.000000,326.043884,Standard
258,0.809986,4.000000,326.043884,Standard
259,0.813255,3.000000,326.043884,Standard
260,0.816118,3.000000,326.043884,Standard
261,0.818910,3.000000,326.043884,Standard
262,0.822029,3.000000,326.043884,Standard
263,0.825416,3.000000,326.043884,Standard
264,0.828444,3.000000,326.043884,Standard
265,0.831101,3.000000,326.043884,Standard
266,0.834076,3.000000,326.043884,Standard
267,0.836838,3.000000,326.043884,Standard
268,0.839781,3.000000,326.043884,Standard
269,0.842574,3.000000,326.043884,Standard
270,0.845284,2.000000,326.043884,Standard
271,0.848183,3.000000,326.043884,Standard
272,0.851684,4.000000,326.043884,Standard
273,0.854467,2.000000,326.043884,Standard
274,0.857365,3.000000,326.043884,Standard
275,0.860049,3.000000,326.043884,Standard
276,0.862855,3.000000,326.043884,Standard
277,0.865478,2.000000,326.043884,Standard
278,0.868343,3.000000,326.043884,Standard
279,0.871445,3.000000,326.043884,Standard
280,0.874476,3.000000,326.043884,Standard
281,0.877307,3.000000,326.043884,Standard
282,0.880007,3.000000,326.043884,Standard
283,0.882812,3.000000,326.043884,Standard
284,0.885465,2.000000,326.043884,Standard
285,0.888493,3.000000,326.043884,Standard
286,0.891479,3.000000,326.043884,Standard
287,0.894232,3.000000,326.043884,Standard
288,0.897429,3.000000,326.043884,Standard
289,0.900123,3.000000,326.043884,Standard
290,0.903398,3.000000,326.043884,Standard
291,0.906239,3.000000,326.043884,Standard
292,0.909586,3.000000,326.043884,Standard
293,0.912359,3.000000,326.043884,Standard
294,0.915305,3.000000,326.043884,Standard
295,0.918618,3.000000,326.043884,Standard
296,0.922054,4.000000,326.043884,Standard
297,0.925422,3.000000,326.043884,Standard
298,0.928668,3.000000,326.043884,Standard
299,0.931787,3.000000,326.043884,Standard
300,0.935449,4.000000,326.043884,Standard
301,0.938627,3.000000,326.043884,Standard
302,0.941572,3.000000,326.043884,Standard
303,0.944523,4.000000,326.043884,Standard
304,0.947790,2.000000,326.043884,Standard
305,0.951230,4.000000,326.043884,Standard
306,0.954441,3.000000,326.043884,Standard
307,0.957443,3.000000,326.043884,Standard
308,0.960505,3.000000,326.043884,Standard
309,0.963682,3.000000,326.043884,Standard
310,0.966979,4.000000,326.043884,Standard
311,0.970297,3.000000,326.043884,Standard
312,0.973066,3.000000,326.043884,Standard
313,0.975759,3.000000,326.043884,Standard
314,0.978923,3.000000,326.043884,Standard
315,0.981928,3.000000,326.043884,Standard
316,0.984714,3.000000,326.043884,Standard
317,0.987423,2.000000,326.043884,Standard
318,0.990105,3.000000,326.043884,Standard
319,0.992912,3.000000,326.043884,Standard
320,0.995866,3.000000,326.043884,Standard
321,0.998580,3.000000,326.043884,Standard
322,1.001480,2.000000,326.043884,Standard
323,1.004082,3.000000,326.043884,Standard
324,1.006805,3.000000,326.043884,Standard
325,1.009575,3.000000,326.043884,Standard
326,1.012288,2.000000,326.043884,Standard
327,1.015131,3.000000,326.043884,Standard
328,1.017877,3.000000,326.043884,Standard
329,1.020454,2.000000,326.043884,Standard
330,1.023126,3.000000,326.043884,Standard
331,1.025712,3.000000,326.043884,Standard
332,1.029596,4.000000,326.043884,Standard
333,1.032367,2.000000,326.043884,Standard
334,1.035135,3.000000,326.043884,Standard
335,1.037947,3.000000,326.043884,Standard
336,1.040590,3.000000,326.043884,Standard
337,1.043620,3.000000,326.043884,Standard
338,1.046406,2.000000,326.043884,Standard
339,1.049369,3.000000,326.043884,Standard
340,1.052172,3.000000,326.043884,Standard
341,1.054908,3.000000,326.043884,Standard
342,1.057624,3.000000,326.043884,Standard
343,1.060731,3.000000,326.043884,Standard
344,1.063674,3.000000,326.043884,Standard
345,1.066357,2.000000,326.043884,Standard
346,1.069160,3.000000,326.043884,Standard
347,1.071883,3.000000,326.043884,Standard
348,1.074690,3.000000,326.043884,Standard
349,1.077584,3.000000,326.043884,Standard
350,1.081088,3.000000,326.043884,Standard
351,1.084158,3.000000,326.043884,Standard
352,1.086841,3.000000,326.043884,Standard
353,1.089717,3.000000,326.043884,Standard
354,1.092604,3.000000,326.043884,Standard
355,1.095289,2.000000,326.043884,Standard
356,1.098213,3.000000,326.043884,Standard
357,1.100962,3.000000,326.043884,Standard
358,1.103669,3.000000,326.043884,Standard
359,1.106663,3.000000,326.043884,Standard
360,1.109464,2.000000,326.043884,Standard
361,1.112230,3.000000,326.043884,Standard
362,1.114877,3.000000,326.043884,Standard
363,1.117526,3.000000,326.043884,Standard
364,1.120646,3.000000,326.043884,Standard
365,1.123264,2.000000,326.043884,Standard
366,1.126287,3.000000,326.043884,Standard
367,1.129107,3.000000,326.043884,Standard
368,1.131979,3.000000,326.043884,Standard
369,1.134631,3.000000,326.043884,Standard
370,1.137613,3.000000,326.043884,Standard
371,1.140807,3.000000,326.043884,Standard
372,1.143909,3.000000,326.043884,Standard
373,1.147059,3.000000,326.043884,Standard
374,1.150328,3.000000,326.043884,Standard
